Customer_ID,Age,Region,Channel,Preferred_Category,Orders_Last_Year,Annual_Spend,Returns,Loyalty_Status,Satisfaction_Score
C0001,37.0,South,Marketplace,Electronics,3,544.13,0,Non-member,4.4
C0002,24.0,West,Mobile App,Clothing,7,383.07,0,Member,2.7
C0003,42.0,North,Mobile App,Clothing,7,541.39,2,Member,3.8
C0004,43.0,East,Marketplace,Sports,4,221.19,0,Non-member,4.0
C0005,18.0,West,Website,Clothing,2,69.1,1,Member,4.7
C0006,21.0,West,Website,Clothing,8,878.94,2,Member,2.5
C0007,35.0,West,Mobile App,Sports,3,157.81,0,Non-member,3.8
C0008,31.0,North,Website,Clothing,4,180.31,0,Non-member,2.9
C0009,34.0,South,Mobile App,Electronics,6,879.51,0,Member,4.2
C0010,25.0,North,Website,Electronics,6,921.41,0,Member,4.4
C0011,,North,Website,Electronics,2,262.03,0,Non-member,4.8
C0012,42.0,East,Website,Electronics,4,596.35,0,Non-member,3.4
C0013,35.0,East,Mobile App,Clothing,2,108.48,0,Member,4.5
C0014,45.0,West,Website,Beauty,6,223.25,1,Member,4.9
C0015,39.0,West,Website,Beauty,4,61.35,0,Member,2.5
C0016,25.0,East,Marketplace,Electronics,7,2028.09,1,Non-member,4.3
C0017,38.0,West,Website,Clothing,1,52.24,0,Non-member,4.6
C0018,24.0,North,Website,Electronics,5,919.0,0,Non-member,3.6
C0019,43.0,North,Website,Sports,7,280.89,1,Member,2.8
C0020,34.0,East,Website,Electronics,2,254.41,0,Non-member,4.6
C0021,32.0,West,Website,Clothing,3,130.4,0,Non-member,2.8
C0022,,North,Mobile App,Home,3,451.61,0,Member,3.7
C0023,46.0,South,Website,Clothing,5,224.02,0,Non-member,3.8
C0024,32.0,East,Marketplace,Home,8,938.78,1,Member,4.4
C0025,30.0,North,Marketplace,Beauty,5,139.37,2,Member,3.3
C0026,30.0,South,Website,Home,4,307.26,0,Non-member,3.3
C0027,39.0,West,Website,Sports,5,298.24,0,Member,3.9
C0028,38.0,East,Website,Clothing,4,344.8,0,Non-member,4.6
C0029,38.0,North,Mobile App,Beauty,5,90.32,0,Member,5.0
C0030,38.0,West,Website,Beauty,3,66.25,2,Member,2.6
C0031,55.0,South,Marketplace,Sports,6,197.27,1,Member,4.1
C0032,30.0,West,Mobile App,Home,2,123.02,0,Member,2.9
C0033,29.0,South,Marketplace,Home,3,203.23,0,Member,4.6
C0034,26.0,East,Mobile App,Home,8,409.19,0,Non-member,3.0
C0035,40.0,South,Marketplace,Home,2,139.21,0,Member,3.3
C0036,45.0,South,Website,Clothing,3,81.52,0,Member,3.3
C0037,33.0,West,Website,Sports,1,45.52,0,Non-member,3.7
C0038,26.0,North,Website,Sports,3,296.83,0,Member,4.1
C0039,26.0,North,Marketplace,Clothing,6,380.07,0,Non-member,4.2
C0040,41.0,South,Mobile App,Clothing,3,176.19,1,Member,3.8
C0041,41.0,East,Marketplace,Sports,7,320.32,1,Member,2.7
C0042,39.0,West,Website,Sports,1,37.97,0,Non-member,4.4
C0043,27.0,West,Marketplace,Electronics,3,302.04,0,Non-member,3.8
C0044,36.0,South,Mobile App,Clothing,7,379.22,1,Non-member,4.7
C0045,35.0,South,Mobile App,Beauty,8,379.42,1,Member,3.2
C0046,36.0,North,Marketplace,Home,6,740.55,0,Member,2.5
C0047,43.0,East,Website,Clothing,2,137.17,0,Non-member,3.8
C0048,36.0,West,Website,Sports,6,301.27,0,Non-member,4.8
C0049,,East,Mobile App,Sports,3,196.68,0,Non-member,3.9
C0050,35.0,East,Website,Sports,8,464.68,0,Member,3.6
C0051,37.0,South,Website,Beauty,9,293.58,1,Non-member,3.1
C0052,40.0,West,Website,Home,3,550.82,0,Member,5.0
C0053,19.0,South,Website,Home,4,194.3,0,Member,3.0
C0054,31.0,North,Marketplace,Clothing,4,202.65,2,Member,3.2
C0055,29.0,South,Mobile App,Clothing,5,420.26,1,Member,
C0056,28.0,North,Website,Clothing,6,197.56,1,Non-member,2.3
C0057,31.0,North,Website,Clothing,4,175.62,1,Member,4.8
C0058,49.0,North,Mobile App,Home,4,299.15,0,Member,4.3
C0059,25.0,South,Mobile App,Beauty,5,161.84,0,Non-member,4.5
C0060,44.0,East,Marketplace,Home,6,308.89,0,Non-member,4.2
C0061,18.0,South,Marketplace,Home,6,665.09,0,Member,3.7
C0062,31.0,South,Website,Electronics,5,946.98,0,Non-member,2.9
C0063,36.0,West,Website,Electronics,4,716.85,0,Member,3.7
C0064,40.0,West,Mobile App,Sports,3,143.79,1,Non-member,3.0
C0065,41.0,South,Mobile App,Clothing,3,170.07,0,Member,4.2
C0066,42.0,South,Mobile App,Home,5,328.47,1,Member,4.4
C0067,31.0,West,Mobile App,Beauty,4,124.62,0,Member,5.0
C0068,29.0,North,Mobile App,Clothing,3,350.6,0,Member,4.1
C0069,43.0,South,Website,Electronics,4,620.44,0,Member,4.5
C0070,32.0,West,Website,Home,4,237.57,0,Member,3.6
C0071,,South,Website,Electronics,4,639.09,0,Non-member,3.4
C0072,23.0,East,Website,Clothing,5,171.34,1,Member,4.2
C0073,25.0,East,Website,Home,2,118.31,0,Member,3.5
C0074,39.0,East,Mobile App,Electronics,4,416.77,0,Non-member,4.0
C0075,35.0,South,Website,Electronics,9,1155.57,0,Non-member,3.0
C0076,41.0,North,Website,Clothing,2,152.69,0,Non-member,3.1
C0077,,South,Mobile App,Electronics,6,1101.95,0,Member,4.3
C0078,36.0,North,Mobile App,Beauty,3,126.09,0,Member,4.5
C0079,40.0,West,Website,Electronics,5,510.53,0,Member,3.0
C0080,31.0,South,Marketplace,Clothing,2,91.01,0,Member,4.3
C0081,39.0,East,Marketplace,Clothing,3,181.48,0,Member,3.4
C0082,27.0,West,Mobile App,Clothing,6,264.85,0,Non-member,3.8
C0083,30.0,West,Mobile App,Electronics,5,680.38,0,Non-member,4.9
C0084,30.0,South,Website,Beauty,7,285.93,0,Non-member,4.4
C0085,22.0,South,Marketplace,Sports,2,115.06,1,Member,4.4
C0086,39.0,West,Website,Electronics,2,324.7,0,Non-member,5.0
C0087,29.0,East,Marketplace,Electronics,4,1047.73,1,Member,
C0088,34.0,West,Mobile App,Sports,2,122.41,0,Non-member,3.0
C0089,39.0,West,Website,Clothing,2,166.21,0,Member,3.2
C0090,38.0,West,Website,Electronics,1,182.44,0,Member,3.6
C0091,41.0,North,Mobile App,Electronics,5,448.78,0,Member,1.9
C0092,33.0,East,Mobile App,Clothing,3,112.19,1,Non-member,3.6
C0093,30.0,North,Website,Beauty,8,209.15,1,Non-member,3.4
C0094,,East,Mobile App,Clothing,7,285.45,1,Non-member,4.4
C0095,18.0,West,Marketplace,Sports,2,125.96,0,Non-member,4.1
C0096,20.0,South,Mobile App,Clothing,4,272.8,0,Non-member,3.3
C0097,21.0,South,Mobile App,Home,3,418.94,0,Non-member,4.3
C0098,24.0,North,Website,Clothing,3,183.79,1,Member,4.4
C0099,38.0,West,Mobile App,Home,5,385.01,0,Non-member,3.2
C0100,25.0,North,Website,Home,6,260.55,0,Member,3.4
C0101,30.0,North,Marketplace,Electronics,3,461.26,1,Member,
C0102,47.0,North,Website,Home,3,272.45,1,Member,2.9
C0103,30.0,North,Mobile App,Beauty,3,111.94,0,Member,3.2
C0104,41.0,South,Website,Electronics,3,940.52,0,Non-member,3.9
C0105,25.0,South,Website,Clothing,2,169.81,1,Non-member,3.0
C0106,32.0,South,Mobile App,Clothing,3,217.18,0,Member,3.4
C0107,24.0,North,Mobile App,Clothing,2,78.55,0,Non-member,2.8
C0108,31.0,North,Mobile App,Beauty,2,58.5,0,Member,3.9
C0109,42.0,South,Marketplace,Beauty,4,135.43,1,Member,
C0110,18.0,North,Marketplace,Beauty,1,26.68,0,Member,4.1
C0111,38.0,East,Marketplace,Electronics,3,536.15,0,Member,3.8
C0112,36.0,North,Website,Clothing,6,373.91,0,Member,2.6
C0113,28.0,South,Mobile App,Clothing,5,187.89,1,Member,3.3
C0114,20.0,South,Marketplace,Home,5,684.12,0,Member,3.5
C0115,35.0,South,Website,Electronics,4,621.87,1,Member,3.5
C0116,29.0,North,Website,Home,4,196.55,0,Non-member,3.9
C0117,36.0,North,Marketplace,Clothing,3,162.06,0,Member,4.9
C0118,34.0,West,Mobile App,Home,2,198.62,0,Member,4.4
C0119,50.0,North,Mobile App,Electronics,3,632.53,0,Member,3.0
C0120,32.0,South,Marketplace,Beauty,3,93.3,1,Member,4.3
C0121,24.0,South,Mobile App,Sports,6,521.09,0,Member,4.3
C0122,36.0,South,Mobile App,Electronics,5,800.77,1,Member,3.2
C0123,36.0,South,Website,Sports,2,82.04,0,Non-member,4.5
C0124,48.0,West,Website,Electronics,2,182.81,0,Member,3.7
C0125,42.0,West,Website,Sports,4,385.13,0,Non-member,2.7
C0126,38.0,South,Mobile App,Sports,3,296.37,0,Member,4.2
C0127,49.0,South,Marketplace,Electronics,6,1007.69,0,Member,4.0
C0128,22.0,North,Website,Beauty,4,236.31,0,Member,3.6
C0129,28.0,South,Website,Sports,1,94.09,0,Member,3.8
C0130,25.0,East,Marketplace,Sports,5,412.85,0,Member,3.2
C0131,30.0,North,Website,Sports,4,189.0,0,Member,4.3
C0132,20.0,South,Mobile App,Clothing,3,302.46,1,Member,3.8
C0133,40.0,West,Mobile App,Electronics,3,542.92,0,Non-member,3.9
C0134,32.0,North,Mobile App,Beauty,9,275.21,0,Member,4.1
C0135,19.0,South,Website,Clothing,3,130.59,1,Member,2.9
C0136,24.0,East,Mobile App,Clothing,2,120.34,0,Non-member,3.1
C0137,37.0,North,Website,Home,5,250.73,0,Member,2.0
C0138,42.0,North,Mobile App,Clothing,5,351.31,0,Non-member,4.3
C0139,54.0,North,Website,Electronics,3,322.3,1,Non-member,2.8
C0140,63.0,West,Mobile App,Beauty,5,199.24,0,Non-member,3.9
C0141,38.0,North,Mobile App,Electronics,4,499.88,0,Member,4.1
C0142,24.0,North,Website,Beauty,6,191.44,2,Member,4.3
C0143,18.0,North,Website,Beauty,4,107.42,0,Non-member,2.8
C0144,37.0,North,Website,Clothing,4,207.93,1,Non-member,3.7
C0145,26.0,East,Website,Clothing,3,319.65,1,Non-member,5.0
C0146,30.0,North,Website,Home,6,876.85,1,Member,5.0
C0147,28.0,East,Marketplace,Sports,4,294.34,1,Member,4.6
C0148,33.0,East,Website,Beauty,2,69.38,1,Member,4.1
C0149,45.0,West,Marketplace,Home,5,604.69,0,Member,3.0
C0150,36.0,North,Marketplace,Electronics,7,1559.37,1,Member,4.4
C0151,32.0,West,Website,Electronics,5,560.95,1,Non-member,3.7
C0152,24.0,East,Mobile App,Clothing,4,214.12,1,Member,4.2
C0153,18.0,North,Marketplace,Sports,4,137.41,0,Non-member,3.3
C0154,29.0,West,Mobile App,Beauty,5,259.27,1,Non-member,3.7
C0155,33.0,West,Mobile App,Electronics,3,927.05,0,Member,3.9
C0156,,South,Mobile App,Sports,9,601.63,0,Member,4.0
C0157,35.0,West,Website,Home,2,85.56,0,Non-member,4.2
C0158,44.0,South,Mobile App,Sports,5,402.19,0,Member,3.3
C0159,29.0,East,Marketplace,Home,9,590.28,1,Member,2.7
C0160,22.0,West,Marketplace,Clothing,2,87.21,0,Non-member,5.0
C0161,24.0,South,Website,Sports,4,323.75,0,Non-member,5.0
C0162,27.0,West,Mobile App,Home,7,688.71,1,Non-member,4.2
C0163,55.0,South,Website,Beauty,5,147.52,0,Non-member,2.7
C0164,26.0,West,Marketplace,Sports,4,207.12,0,Member,3.2
C0165,42.0,East,Website,Electronics,3,470.26,0,Non-member,4.2
C0166,25.0,North,Marketplace,Electronics,4,519.89,1,Non-member,4.9
C0167,43.0,South,Marketplace,Beauty,3,71.22,1,Non-member,2.8
C0168,38.0,South,Website,Home,5,400.55,0,Non-member,3.7
C0169,32.0,North,Website,Electronics,2,337.86,0,Non-member,4.0
C0170,34.0,North,Marketplace,Clothing,3,155.03,0,Non-member,4.5
C0171,27.0,South,Website,Beauty,4,85.36,0,Member,3.5
C0172,38.0,North,Mobile App,Home,4,508.91,0,Non-member,2.5
C0173,29.0,North,Marketplace,Home,5,172.55,0,Member,4.3
C0174,22.0,East,Mobile App,Beauty,3,89.81,0,Non-member,4.7
C0175,21.0,East,Website,Clothing,3,132.8,0,Non-member,3.7
C0176,36.0,East,Mobile App,Beauty,3,110.59,0,Non-member,4.1
C0177,50.0,South,Website,Clothing,6,401.69,2,Member,3.4
C0178,36.0,West,Marketplace,Sports,2,192.85,0,Member,3.1
C0179,33.0,East,Website,Clothing,4,171.45,1,Member,4.6
C0180,37.0,North,Website,Electronics,4,736.74,0,Member,4.1
C0181,47.0,North,Website,Sports,3,208.83,1,Member,4.2
C0182,36.0,East,Marketplace,Clothing,5,151.07,1,Non-member,5.0
C0183,30.0,North,Website,Electronics,2,583.46,0,Member,3.0
C0184,45.0,South,Marketplace,Electronics,4,362.62,0,Non-member,3.4
C0185,38.0,West,Mobile App,Beauty,2,81.07,0,Member,3.9
C0186,49.0,North,Marketplace,Electronics,6,1031.61,2,Non-member,3.3
C0187,36.0,North,Marketplace,Home,8,792.92,0,Member,4.4
C0188,22.0,West,Marketplace,Electronics,1,126.16,0,Non-member,3.7
C0189,,East,Marketplace,Clothing,2,146.94,1,Non-member,3.0
C0190,51.0,North,Website,Home,2,104.25,0,Non-member,3.9
C0191,51.0,West,Mobile App,Clothing,5,268.74,0,Non-member,3.9
C0192,32.0,West,Mobile App,Home,2,147.76,0,Member,4.5
C0193,30.0,South,Mobile App,Electronics,3,355.03,0,Member,4.1
C0194,49.0,East,Marketplace,Clothing,6,383.43,1,Member,4.2
C0195,23.0,South,Marketplace,Home,4,524.91,1,Non-member,4.1
C0196,25.0,North,Mobile App,Clothing,3,146.32,1,Member,3.6
C0197,40.0,East,Mobile App,Electronics,2,394.26,1,Member,3.2
C0198,30.0,South,Mobile App,Electronics,4,610.54,0,Non-member,4.0
C0199,,East,Website,Home,5,329.24,0,Member,3.5
C0200,32.0,West,Website,Clothing,7,351.76,1,Non-member,5.0
C0201,37.0,North,Website,Home,3,243.13,1,Non-member,4.9
C0202,48.0,East,Website,Beauty,3,82.28,0,Non-member,4.3
C0203,35.0,North,Website,Home,2,209.12,0,Non-member,4.1
C0204,40.0,West,Mobile App,Clothing,3,179.12,1,Non-member,3.7
C0205,18.0,South,Mobile App,Clothing,3,94.56,1,Non-member,2.8
C0206,34.0,East,Marketplace,Electronics,4,336.6,1,Non-member,3.6
C0207,26.0,East,Mobile App,Clothing,8,510.51,2,Member,3.9
C0208,22.0,South,Website,Home,2,135.32,0,Non-member,4.0
C0209,25.0,East,Website,Clothing,2,122.27,0,Non-member,4.2
C0210,31.0,East,Website,Electronics,2,394.3,0,Member,4.5
C0211,43.0,East,Marketplace,Beauty,4,89.73,0,Member,3.2
C0212,21.0,West,Website,Sports,2,79.32,1,Member,3.3
C0213,34.0,West,Mobile App,Electronics,5,1347.66,0,Member,5.0
C0214,29.0,South,Marketplace,Clothing,5,311.01,1,Non-member,4.4
C0215,31.0,South,Marketplace,Beauty,6,181.34,0,Member,3.5
C0216,44.0,North,Website,Home,2,129.81,0,Member,3.7
C0217,39.0,West,Website,Beauty,3,87.82,0,Member,3.7
C0218,47.0,South,Website,Clothing,5,181.29,0,Member,3.8
C0219,32.0,South,Website,Sports,3,265.65,1,Member,4.2
C0220,27.0,North,Website,Sports,2,99.05,0,Member,5.0
C0221,32.0,West,Mobile App,Electronics,8,1759.55,0,Member,4.0
C0222,36.0,South,Marketplace,Clothing,4,191.22,0,Member,4.3
C0223,36.0,East,Mobile App,Clothing,3,114.52,0,Non-member,2.5
C0224,23.0,North,Mobile App,Electronics,5,646.04,1,Member,3.4
C0225,35.0,West,Website,Home,3,107.77,1,Non-member,4.8
C0226,36.0,North,Marketplace,Sports,7,436.17,0,Member,4.1
C0227,59.0,North,Mobile App,Electronics,2,282.66,1,Member,1.0
C0228,53.0,West,Marketplace,Clothing,4,293.62,1,Non-member,4.3
C0229,25.0,West,Marketplace,Beauty,5,90.43,0,Member,5.0
C0230,31.0,North,Website,Home,4,540.64,0,Member,2.2
C0231,19.0,South,Website,Clothing,4,293.19,0,Non-member,5.0
C0232,28.0,East,Website,Sports,2,201.49,0,Member,1.6
C0233,37.0,West,Mobile App,Clothing,4,215.98,0,Non-member,4.6
C0234,46.0,South,Marketplace,Electronics,1,213.9,0,Non-member,3.8
C0235,27.0,South,Website,Electronics,8,717.05,1,Non-member,1.9
C0236,27.0,East,Mobile App,Sports,6,500.55,1,Non-member,4.2
C0237,18.0,East,Mobile App,Home,3,206.13,0,Member,4.7
C0238,32.0,West,Website,Clothing,4,123.43,1,Non-member,4.1
C0239,23.0,East,Website,Electronics,3,303.63,0,Member,4.3
C0240,29.0,North,Mobile App,Clothing,7,385.75,2,Non-member,3.5
C0241,25.0,West,Mobile App,Sports,3,146.13,0,Non-member,2.3
C0242,33.0,West,Mobile App,Clothing,3,188.21,0,Member,4.4
C0243,18.0,West,Website,Sports,4,138.08,1,Member,5.0
C0244,19.0,North,Mobile App,Home,4,170.99,0,Member,4.7
C0245,55.0,North,Website,Clothing,4,355.66,0,Member,2.2
C0246,21.0,East,Marketplace,Sports,5,445.93,0,Member,2.6
C0247,23.0,North,Website,Clothing,4,152.38,0,Non-member,3.1
C0248,52.0,West,Website,Home,4,359.62,0,Member,2.5
C0249,63.0,South,Mobile App,Sports,3,278.61,0,Non-member,
C0250,22.0,East,Mobile App,Home,1,104.22,0,Non-member,4.1
C0251,30.0,West,Mobile App,Clothing,6,347.57,1,Non-member,2.7
C0252,37.0,South,Mobile App,Sports,4,381.45,0,Member,4.4
C0253,51.0,South,Marketplace,Electronics,1,116.15,0,Non-member,4.3
C0254,24.0,East,Mobile App,Home,5,454.94,1,Non-member,3.4
C0255,32.0,East,Mobile App,Electronics,4,596.26,0,Non-member,3.7
C0256,42.0,South,Mobile App,Home,5,409.03,0,Non-member,2.2
C0257,38.0,East,Website,Electronics,5,654.35,0,Non-member,3.5
C0258,30.0,West,Mobile App,Beauty,7,251.33,0,Member,3.8
C0259,33.0,South,Website,Electronics,8,1214.54,0,Non-member,3.9
C0260,20.0,North,Mobile App,Beauty,4,97.0,0,Member,4.1
C0261,32.0,South,Website,Home,5,595.78,1,Non-member,4.0
C0262,31.0,South,Marketplace,Home,6,383.69,0,Member,3.6
C0263,36.0,North,Mobile App,Home,7,583.67,1,Member,
C0264,28.0,North,Marketplace,Beauty,9,284.07,0,Member,4.6
C0265,39.0,East,Mobile App,Clothing,4,249.38,0,Member,3.7
C0266,44.0,South,Website,Home,4,171.47,0,Non-member,4.1
C0267,36.0,West,Marketplace,Sports,4,355.14,0,Member,3.7
C0268,38.0,North,Mobile App,Clothing,1,43.4,1,Non-member,3.3
C0269,35.0,North,Mobile App,Electronics,5,1149.47,0,Member,4.2
C0270,34.0,West,Mobile App,Sports,3,164.95,0,Non-member,3.4
C0271,27.0,West,Mobile App,Home,5,442.37,0,Member,4.1
C0272,37.0,South,Marketplace,Electronics,4,1172.34,0,Member,3.8
C0273,33.0,North,Mobile App,Clothing,6,299.47,2,Member,3.6
C0274,55.0,North,Website,Electronics,8,1851.36,1,Member,3.5
C0275,50.0,South,Mobile App,Home,7,638.67,0,Non-member,3.4
C0276,38.0,South,Mobile App,Beauty,3,121.43,0,Non-member,2.5
C0277,26.0,South,Marketplace,Electronics,5,768.59,1,Member,4.1
C0278,23.0,North,Website,Beauty,4,188.37,1,Member,4.0
C0279,46.0,South,Mobile App,Sports,6,306.8,0,Member,4.5
C0280,,West,Marketplace,Clothing,6,233.85,0,Member,3.4
C0281,39.0,East,Mobile App,Beauty,3,83.97,0,Non-member,5.0
C0282,18.0,South,Mobile App,Beauty,5,181.22,0,Member,3.5
C0283,43.0,North,Mobile App,Sports,4,240.66,0,Non-member,3.1
C0284,39.0,South,Website,Home,2,230.8,0,Non-member,3.0
C0285,23.0,South,Mobile App,Electronics,3,710.45,0,Member,2.4
C0286,29.0,West,Website,Clothing,6,234.52,1,Member,5.0
C0287,37.0,West,Website,Clothing,4,170.16,0,Member,4.9
C0288,35.0,West,Mobile App,Electronics,5,453.68,1,Member,4.3
C0289,31.0,West,Mobile App,Clothing,5,559.7,1,Member,3.1
C0290,33.0,West,Marketplace,Electronics,5,834.4,0,Non-member,5.0
C0291,31.0,West,Website,Sports,5,384.43,0,Member,3.5
C0292,36.0,North,Website,Home,1,56.3,0,Non-member,3.6
C0293,49.0,North,Marketplace,Electronics,3,449.82,1,Non-member,4.9
C0294,,South,Website,Electronics,4,717.06,0,Non-member,4.3
C0295,32.0,East,Website,Home,4,329.52,0,Non-member,5.0
C0296,36.0,North,Website,Home,3,393.44,1,Member,4.0
C0297,37.0,West,Mobile App,Electronics,4,1347.59,1,Member,3.5
C0298,30.0,East,Marketplace,Home,5,323.04,1,Member,3.3
C0299,18.0,South,Mobile App,Electronics,3,314.67,0,Non-member,2.3
C0300,37.0,North,Mobile App,Home,5,330.97,0,Non-member,3.6
C0301,51.0,South,Website,Home,6,947.42,1,Member,4.7
C0302,19.0,North,Website,Home,2,259.25,0,Member,4.3
C0303,43.0,West,Mobile App,Home,3,257.49,0,Member,3.8
C0304,31.0,East,Website,Electronics,2,303.86,0,Member,3.0
C0305,33.0,East,Website,Electronics,5,563.57,0,Non-member,4.0
C0306,23.0,South,Website,Electronics,3,614.47,0,Member,4.6
C0307,31.0,South,Website,Beauty,4,122.57,0,Member,4.1
C0308,47.0,South,Mobile App,Sports,1,59.34,0,Member,3.9
C0309,40.0,West,Mobile App,Sports,5,402.18,0,Member,3.2
C0310,51.0,West,Website,Clothing,2,103.0,1,Member,4.5
C0311,46.0,North,Mobile App,Clothing,8,405.26,1,Non-member,1.3
C0312,38.0,West,Mobile App,Home,10,903.34,1,Member,4.1
C0313,51.0,North,Mobile App,Beauty,10,462.34,0,Non-member,5.0
C0314,38.0,West,Marketplace,Beauty,4,249.12,0,Member,2.6
C0315,42.0,North,Mobile App,Beauty,4,171.84,0,Member,3.6
C0316,31.0,South,Marketplace,Sports,3,258.31,0,Member,3.8
C0317,35.0,West,Website,Clothing,5,256.42,1,Member,3.4
C0318,27.0,North,Website,Beauty,3,81.96,0,Member,4.6
C0319,44.0,South,Website,Beauty,4,176.01,0,Member,4.2
C0320,22.0,South,Mobile App,Home,5,477.8,1,Non-member,3.9
C0321,42.0,North,Website,Sports,2,79.01,0,Non-member,4.4
C0322,32.0,East,Website,Electronics,3,401.19,0,Non-member,3.8
C0323,46.0,West,Mobile App,Sports,9,568.27,2,Member,5.0
C0324,42.0,West,Website,Beauty,4,117.09,1,Non-member,3.9
C0325,52.0,South,Website,Electronics,4,1007.81,0,Non-member,4.0
C0326,41.0,South,Website,Clothing,5,325.29,1,Member,2.4
C0327,18.0,North,Mobile App,Electronics,4,970.24,2,Member,3.4
C0328,33.0,North,Website,Beauty,4,153.52,0,Member,4.7
C0329,22.0,North,Website,Beauty,4,144.05,0,Non-member,2.7
C0330,29.0,West,Website,Clothing,3,118.88,0,Member,2.1
C0331,,West,Mobile App,Sports,1,65.27,0,Member,3.8
C0332,40.0,West,Marketplace,Electronics,6,904.12,0,Non-member,4.9
C0333,27.0,South,Mobile App,Home,3,167.32,0,Member,3.8
C0334,24.0,South,Mobile App,Home,4,298.05,0,Non-member,3.5
C0335,34.0,South,Marketplace,Electronics,6,803.72,1,Non-member,2.3
C0336,22.0,South,Marketplace,Clothing,4,254.26,0,Non-member,4.2
C0337,27.0,South,Mobile App,Home,6,634.63,1,Non-member,4.3
C0338,37.0,North,Marketplace,Home,4,293.72,0,Member,2.4
C0339,46.0,North,Marketplace,Clothing,6,388.85,3,Non-member,4.7
C0340,40.0,West,Mobile App,Sports,6,365.92,1,Non-member,4.4
C0341,18.0,South,Mobile App,Home,4,131.86,0,Non-member,4.7
C0342,,West,Website,Sports,5,274.29,0,Member,4.3
C0343,35.0,North,Website,Clothing,2,160.47,0,Member,4.3
C0344,38.0,East,Mobile App,Home,1,49.96,1,Member,4.2
C0345,,North,Mobile App,Clothing,5,286.06,0,Member,4.5
C0346,18.0,South,Website,Home,4,627.0,0,Member,2.3
C0347,28.0,North,Mobile App,Home,2,137.93,0,Non-member,2.6
C0348,40.0,North,Mobile App,Clothing,4,220.17,0,Non-member,3.2
C0349,18.0,West,Marketplace,Electronics,2,190.07,1,Non-member,3.7
C0350,49.0,South,Website,Home,7,1113.49,0,Member,4.1
C0351,38.0,East,Website,Clothing,5,267.1,0,Member,4.1
C0352,42.0,South,Mobile App,Home,6,548.88,0,Member,4.7
C0353,28.0,South,Marketplace,Beauty,3,168.67,0,Member,4.7
C0354,42.0,South,Marketplace,Home,5,567.23,0,Member,3.1
C0355,45.0,North,Marketplace,Sports,9,430.58,2,Member,4.0
C0356,36.0,West,Marketplace,Beauty,4,111.62,0,Member,3.1
C0357,36.0,West,Website,Sports,5,386.47,0,Member,3.6
C0358,37.0,East,Website,Beauty,6,168.79,1,Member,4.1
C0359,25.0,South,Website,Electronics,5,357.47,1,Member,1.1
C0360,33.0,North,Mobile App,Clothing,4,215.94,0,Member,5.0
C0361,32.0,West,Marketplace,Electronics,3,268.05,1,Non-member,4.3
C0362,38.0,South,Website,Beauty,2,123.25,0,Member,3.3
C0363,44.0,North,Mobile App,Clothing,4,234.04,1,Member,5.0
C0364,23.0,South,Website,Home,3,196.69,0,Member,3.5
C0365,33.0,West,Website,Sports,5,254.5,1,Non-member,3.9
C0366,49.0,East,Website,Electronics,5,387.14,0,Non-member,3.4
C0367,27.0,West,Website,Clothing,3,112.3,0,Non-member,5.0
C0368,26.0,West,Marketplace,Beauty,3,149.86,0,Member,3.7
C0369,36.0,North,Website,Electronics,3,982.77,0,Non-member,3.9
C0370,42.0,West,Marketplace,Clothing,3,212.76,0,Non-member,4.8
C0371,,South,Mobile App,Beauty,3,101.67,0,Member,4.3
C0372,47.0,East,Website,Electronics,2,257.91,0,Non-member,3.8
C0373,43.0,North,Website,Clothing,4,157.41,0,Member,4.7
C0374,42.0,West,Marketplace,Home,4,740.28,0,Non-member,5.0
C0375,40.0,South,Website,Clothing,2,102.97,1,Member,4.1
C0376,57.0,North,Marketplace,Electronics,6,1887.23,0,Member,3.9
C0377,32.0,South,Website,Sports,3,317.58,0,Non-member,3.9
C0378,18.0,North,Mobile App,Sports,3,106.03,0,Non-member,4.8
C0379,50.0,North,Marketplace,Electronics,4,475.25,0,Member,3.3
C0380,29.0,East,Website,Home,3,213.63,2,Non-member,3.6
C0381,35.0,South,Website,Clothing,3,160.45,0,Member,2.6
C0382,47.0,West,Marketplace,Beauty,3,102.81,0,Member,2.9
C0383,18.0,South,Website,Clothing,2,313.93,0,Non-member,3.4
C0384,21.0,East,Mobile App,Electronics,4,411.54,0,Member,3.8
C0385,18.0,South,Mobile App,Electronics,3,487.55,0,Member,5.0
C0386,26.0,East,Website,Sports,6,483.92,2,Non-member,4.2
C0387,38.0,East,Mobile App,Clothing,6,329.82,1,Member,3.1
C0388,39.0,South,Mobile App,Sports,3,202.67,0,Member,3.2
C0389,37.0,West,Website,Clothing,5,190.77,0,Member,4.9
C0390,20.0,South,Marketplace,Sports,5,337.34,0,Non-member,4.7
C0391,18.0,North,Website,Electronics,3,538.2,0,Member,3.8
C0392,35.0,East,Website,Electronics,8,1345.79,1,Member,3.4
C0393,29.0,West,Mobile App,Sports,6,476.14,0,Non-member,4.7
C0394,39.0,North,Marketplace,Sports,4,426.28,0,Member,3.0
C0395,41.0,South,Website,Home,5,624.65,1,Member,4.1
C0396,35.0,West,Website,Home,3,276.82,0,Non-member,5.0
C0397,42.0,East,Mobile App,Clothing,4,145.99,2,Non-member,4.0
C0398,36.0,West,Marketplace,Home,4,291.81,0,Member,3.2
C0399,39.0,South,Website,Electronics,6,833.41,0,Non-member,4.1
C0400,27.0,East,Website,Sports,2,142.0,0,Non-member,3.4
C0401,32.0,South,Mobile App,Home,4,304.51,0,Member,2.7
C0402,36.0,West,Website,Beauty,6,151.35,0,Non-member,4.4
C0403,42.0,South,Website,Electronics,5,494.82,1,Non-member,4.7
C0404,30.0,East,Website,Electronics,8,673.28,0,Non-member,3.6
C0405,39.0,South,Website,Clothing,5,253.29,2,Member,3.5
C0406,31.0,East,Mobile App,Home,7,376.66,0,Non-member,3.0
C0407,33.0,East,Marketplace,Clothing,7,271.26,2,Non-member,3.7
C0408,42.0,South,Mobile App,Electronics,3,392.05,0,Member,3.4
C0409,18.0,West,Mobile App,Sports,7,285.07,0,Non-member,3.0
C0410,21.0,South,Marketplace,Beauty,4,159.9,0,Non-member,5.0
C0411,19.0,East,Website,Sports,4,336.89,1,Non-member,4.2
C0412,18.0,South,Website,Electronics,5,618.79,0,Non-member,4.3
C0413,27.0,South,Marketplace,Home,3,231.7,1,Member,4.5
C0414,41.0,South,Website,Home,3,325.88,0,Member,4.4
C0415,31.0,North,Mobile App,Clothing,5,214.19,0,Non-member,3.5
C0416,36.0,North,Mobile App,Home,7,479.03,0,Member,4.0
C0417,,East,Website,Electronics,8,1824.12,0,Member,3.6
C0418,47.0,East,Mobile App,Home,5,613.21,1,Non-member,4.2
C0419,33.0,East,Website,Home,2,222.18,0,Non-member,4.1
C0420,48.0,North,Website,Home,2,248.87,0,Member,3.5
C0421,35.0,South,Mobile App,Electronics,6,450.5,0,Non-member,2.7
C0422,26.0,North,Website,Home,3,433.66,0,Member,3.9
C0423,28.0,West,Mobile App,Clothing,3,189.27,0,Member,3.6
C0424,19.0,West,Marketplace,Home,5,640.99,1,Member,2.3
C0425,25.0,North,Marketplace,Home,4,412.24,0,Member,4.2
C0426,30.0,East,Website,Clothing,3,167.85,0,Member,4.6
C0427,42.0,North,Website,Beauty,3,95.35,0,Non-member,5.0
C0428,51.0,South,Website,Home,4,409.36,0,Non-member,3.5
C0429,20.0,North,Website,Clothing,3,147.94,0,Member,3.4
C0430,38.0,South,Marketplace,Sports,5,440.36,0,Member,2.9
C0431,,East,Website,Clothing,2,63.13,0,Member,4.0
C0432,39.0,West,Website,Sports,3,161.33,0,Non-member,4.0
C0433,33.0,North,Marketplace,Beauty,4,286.38,1,Non-member,3.2
C0434,18.0,South,Website,Electronics,7,843.38,2,Member,3.7
C0435,43.0,East,Website,Clothing,2,101.18,1,Member,2.2
C0436,28.0,West,Website,Beauty,4,102.8,0,Member,4.5
C0437,29.0,East,Mobile App,Sports,4,292.43,0,Non-member,3.2
C0438,23.0,South,Mobile App,Clothing,1,42.51,0,Member,3.8
C0439,27.0,East,Website,Electronics,6,843.39,0,Member,2.7
C0440,38.0,South,Marketplace,Clothing,9,666.25,0,Member,3.3
C0441,32.0,West,Marketplace,Electronics,4,469.83,0,Member,3.6
C0442,37.0,South,Marketplace,Beauty,5,230.63,1,Member,3.8
C0443,38.0,East,Website,Clothing,3,220.02,1,Member,4.2
C0444,47.0,North,Website,Beauty,4,202.53,0,Non-member,5.0
C0445,31.0,South,Marketplace,Sports,4,273.11,0,Member,4.4
C0446,19.0,West,Website,Clothing,3,513.06,1,Member,4.6
C0447,45.0,East,Mobile App,Clothing,5,397.76,0,Member,5.0
C0448,31.0,South,Mobile App,Beauty,5,196.07,1,Member,4.3
C0449,45.0,West,Website,Beauty,3,77.28,2,Non-member,3.8
C0450,38.0,West,Mobile App,Sports,7,439.8,0,Non-member,4.6
C0451,33.0,South,Marketplace,Electronics,9,2224.03,0,Member,4.7
C0452,37.0,South,Mobile App,Clothing,3,300.15,0,Non-member,4.3
C0453,54.0,South,Mobile App,Electronics,6,1509.92,0,Non-member,2.6
C0454,55.0,East,Marketplace,Sports,3,256.68,0,Non-member,3.1
C0455,35.0,South,Mobile App,Clothing,1,35.44,0,Member,3.6
C0456,36.0,North,Mobile App,Clothing,1,65.22,0,Member,4.4
C0457,45.0,West,Marketplace,Electronics,4,388.56,0,Member,3.8
C0458,26.0,West,Mobile App,Home,7,374.32,0,Non-member,4.7
C0459,37.0,West,Website,Beauty,3,114.17,0,Non-member,4.9
C0460,34.0,West,Website,Electronics,2,360.29,0,Member,4.8
C0461,37.0,East,Website,Electronics,7,1440.47,1,Member,4.8
C0462,26.0,West,Mobile App,Sports,5,386.77,0,Member,3.0
C0463,18.0,West,Mobile App,Beauty,4,168.63,0,Member,4.2
C0464,18.0,South,Mobile App,Electronics,2,212.55,0,Non-member,3.3
C0465,23.0,South,Website,Home,4,347.01,0,Member,2.5
C0466,29.0,North,Mobile App,Sports,4,153.42,0,Non-member,3.6
C0467,31.0,East,Marketplace,Beauty,3,52.08,0,Non-member,4.9
C0468,53.0,South,Website,Clothing,5,356.38,0,Non-member,
C0469,45.0,South,Mobile App,Home,5,345.73,2,Non-member,5.0
C0470,24.0,East,Mobile App,Home,4,488.57,0,Member,3.9
C0471,37.0,South,Mobile App,Electronics,6,1326.52,0,Non-member,5.0
C0472,30.0,North,Website,Beauty,5,140.9,1,Non-member,3.9
C0473,31.0,West,Mobile App,Electronics,4,737.7,0,Member,3.8
C0474,36.0,West,Marketplace,Electronics,3,357.04,0,Member,2.8
C0475,40.0,North,Mobile App,Beauty,3,55.03,0,Member,4.7
C0476,31.0,North,Marketplace,Sports,1,67.87,0,Member,3.4
C0477,45.0,South,Marketplace,Beauty,3,89.05,0,Member,3.3
C0478,23.0,West,Website,Clothing,4,188.59,0,Member,4.8
C0479,34.0,West,Mobile App,Clothing,2,219.61,0,Non-member,4.7
C0480,60.0,North,Mobile App,Clothing,2,64.48,1,Member,4.7
C0481,36.0,West,Marketplace,Home,6,617.44,0,Member,3.5
C0482,48.0,North,Website,Clothing,4,155.31,1,Member,3.8
C0483,35.0,South,Website,Clothing,2,151.16,0,Member,3.8
C0484,40.0,West,Marketplace,Clothing,4,244.22,1,Non-member,4.4
C0485,33.0,North,Website,Sports,4,296.92,0,Member,
C0486,32.0,North,Mobile App,Sports,7,326.88,0,Member,4.1
C0487,26.0,South,Website,Electronics,2,229.48,1,Member,5.0
C0488,38.0,East,Marketplace,Home,6,747.03,0,Member,4.5
C0489,25.0,West,Marketplace,Electronics,2,557.56,0,Non-member,3.6
C0490,41.0,West,Website,Home,5,532.38,0,Non-member,4.5
C0491,45.0,North,Mobile App,Home,2,131.48,0,Member,5.0
C0492,38.0,North,Website,Electronics,5,844.46,1,Non-member,5.0
C0493,31.0,West,Mobile App,Beauty,7,572.99,1,Member,4.7
C0494,39.0,South,Mobile App,Clothing,3,171.02,0,Non-member,3.8
C0495,31.0,West,Marketplace,Sports,5,542.11,0,Member,3.6
C0496,43.0,East,Website,Electronics,4,463.04,1,Member,4.3
C0497,18.0,North,Website,Electronics,3,443.42,0,Non-member,5.0
C0498,31.0,West,Mobile App,Home,4,447.18,0,Non-member,
C0499,18.0,North,Mobile App,Electronics,3,517.14,0,Member,4.2
C0500,19.0,South,Mobile App,Home,6,412.95,0,Non-member,3.8
C0501,48.0,East,Website,Sports,2,97.93,0,Non-member,3.5
C0502,43.0,South,Website,Electronics,4,847.96,0,Member,3.7
C0503,27.0,East,Marketplace,Electronics,2,455.24,1,Non-member,3.9
C0504,19.0,East,Website,Clothing,7,653.6,0,Non-member,5.0
C0505,18.0,West,Website,Clothing,6,620.46,1,Member,3.6
C0506,29.0,West,Marketplace,Clothing,4,230.61,2,Member,3.8
C0507,58.0,South,Website,Home,2,161.42,0,Non-member,3.1
C0508,38.0,North,Mobile App,Beauty,1,56.16,0,Non-member,4.4
C0509,28.0,East,Website,Electronics,6,1155.13,0,Member,4.9
C0510,39.0,West,Marketplace,Clothing,3,116.99,0,Member,5.0
C0511,18.0,South,Mobile App,Beauty,2,48.75,0,Member,4.0
C0512,31.0,South,Marketplace,Sports,6,463.28,2,Non-member,4.3
C0513,35.0,South,Website,Home,5,422.93,1,Non-member,3.7
C0514,33.0,North,Mobile App,Clothing,4,217.97,0,Member,4.2
C0515,42.0,East,Mobile App,Electronics,5,1091.67,0,Non-member,4.1
C0516,37.0,South,Website,Electronics,5,978.22,1,Non-member,3.8
C0517,41.0,West,Website,Electronics,2,477.82,0,Member,3.9
C0518,27.0,West,Website,Beauty,11,195.82,1,Member,4.2
C0519,43.0,West,Marketplace,Home,4,393.39,0,Member,3.6
C0520,50.0,South,Mobile App,Beauty,4,178.53,0,Member,3.6
C0521,24.0,South,Mobile App,Electronics,7,615.38,1,Member,5.0
C0522,25.0,East,Mobile App,Sports,3,155.06,0,Non-member,5.0
C0523,47.0,West,Mobile App,Beauty,6,156.48,0,Non-member,2.8
C0524,32.0,South,Mobile App,Electronics,2,302.29,0,Member,2.8
C0525,48.0,West,Mobile App,Electronics,4,1060.69,0,Non-member,3.0
C0526,30.0,North,Mobile App,Electronics,5,1522.3,0,Non-member,3.7
C0527,49.0,West,Website,Sports,4,195.52,0,Member,4.5
C0528,35.0,North,Marketplace,Home,3,324.64,0,Member,4.3
C0529,37.0,North,Marketplace,Clothing,3,200.64,1,Non-member,3.9
C0530,50.0,South,Website,Clothing,4,251.97,0,Non-member,4.2
C0531,30.0,North,Mobile App,Beauty,2,80.49,0,Member,3.2
C0532,25.0,North,Website,Clothing,2,122.34,1,Non-member,3.6
C0533,30.0,North,Marketplace,Clothing,5,496.42,0,Non-member,3.8
C0534,39.0,South,Marketplace,Sports,4,382.43,0,Non-member,2.5
C0535,18.0,West,Marketplace,Electronics,4,414.0,0,Non-member,2.9
C0536,40.0,North,Website,Beauty,3,138.72,1,Member,2.9
C0537,29.0,East,Website,Electronics,4,819.96,0,Member,4.4
C0538,45.0,West,Website,Clothing,6,368.46,2,Member,4.0
C0539,18.0,North,Website,Sports,3,289.74,0,Non-member,4.3
C0540,26.0,North,Website,Clothing,3,176.23,0,Non-member,2.3
C0541,18.0,West,Website,Beauty,2,75.09,1,Non-member,2.6
C0542,26.0,West,Marketplace,Home,4,375.61,1,Member,4.3
C0543,36.0,South,Website,Home,6,266.45,0,Member,1.6
C0544,32.0,West,Website,Home,7,612.52,0,Member,4.8
C0545,31.0,North,Marketplace,Clothing,7,304.71,1,Member,
C0546,32.0,South,Mobile App,Clothing,3,108.93,0,Member,4.5
C0547,36.0,East,Mobile App,Home,2,297.34,1,Non-member,3.1
C0548,24.0,South,Mobile App,Home,3,322.11,0,Member,
C0549,41.0,West,Marketplace,Home,6,534.39,0,Non-member,5.0
C0550,41.0,South,Mobile App,Home,4,295.43,0,Non-member,2.0
C0551,38.0,West,Mobile App,Electronics,4,665.53,0,Non-member,4.4
C0552,40.0,South,Mobile App,Sports,2,183.93,0,Member,2.4
C0553,37.0,South,Mobile App,Clothing,5,205.89,1,Non-member,4.1
C0554,54.0,North,Website,Electronics,6,898.48,0,Non-member,3.6
C0555,33.0,North,Mobile App,Beauty,2,94.85,0,Member,3.9
C0556,31.0,West,Website,Beauty,3,53.32,0,Non-member,3.1
C0557,26.0,North,Mobile App,Home,3,264.61,1,Non-member,4.4
C0558,24.0,North,Website,Electronics,1,129.07,0,Member,2.6
C0559,22.0,North,Website,Electronics,4,572.54,0,Member,4.8
C0560,25.0,North,Website,Electronics,3,377.54,0,Member,3.5
C0561,33.0,West,Marketplace,Beauty,6,220.36,0,Member,2.7
C0562,37.0,South,Website,Sports,7,892.09,0,Non-member,5.0
C0563,35.0,West,Mobile App,Electronics,5,669.61,0,Member,3.7
C0564,26.0,North,Marketplace,Beauty,2,77.52,0,Member,5.0
C0565,43.0,East,Website,Electronics,2,603.02,0,Member,4.8
C0566,41.0,South,Mobile App,Clothing,2,90.74,1,Member,3.2
C0567,32.0,South,Website,Beauty,2,132.11,0,Member,3.7
C0568,,West,Website,Home,8,721.34,1,Non-member,
C0569,39.0,West,Mobile App,Electronics,4,1119.45,0,Member,5.0
C0570,36.0,West,Marketplace,Clothing,1,71.51,0,Member,4.2
C0571,20.0,North,Website,Sports,4,289.5,0,Non-member,3.9
C0572,33.0,North,Mobile App,Home,5,439.78,1,Non-member,3.6
C0573,37.0,East,Website,Electronics,2,241.14,0,Member,3.8
C0574,25.0,South,Mobile App,Electronics,6,924.19,0,Member,4.8
C0575,36.0,East,Mobile App,Clothing,7,527.06,1,Member,3.8
C0576,19.0,East,Mobile App,Clothing,4,218.99,0,Member,3.5
C0577,47.0,East,Mobile App,Beauty,5,156.64,0,Member,3.3
C0578,46.0,West,Website,Beauty,3,96.18,0,Non-member,3.4
C0579,31.0,East,Mobile App,Sports,7,643.98,0,Non-member,2.7
C0580,38.0,North,Mobile App,Beauty,3,161.22,0,Member,3.2
C0581,18.0,North,Mobile App,Home,2,142.52,0,Non-member,5.0
C0582,22.0,East,Website,Clothing,5,217.62,0,Member,3.6
C0583,31.0,South,Mobile App,Home,3,308.34,0,Member,4.4
C0584,23.0,South,Website,Home,3,460.84,0,Member,1.8
C0585,41.0,South,Website,Sports,4,388.3,1,Member,4.3
C0586,54.0,West,Website,Beauty,4,90.33,0,Non-member,3.7
C0587,22.0,West,Mobile App,Sports,4,237.05,1,Member,3.4
C0588,26.0,East,Mobile App,Home,4,259.92,1,Non-member,3.9
C0589,36.0,South,Website,Clothing,4,200.34,0,Member,3.4
C0590,50.0,South,Marketplace,Clothing,5,482.18,2,Non-member,2.1
C0591,22.0,South,Mobile App,Electronics,4,364.68,0,Non-member,4.5
C0592,36.0,South,Mobile App,Home,4,204.28,0,Member,4.0
C0593,52.0,East,Mobile App,Clothing,5,205.77,1,Member,3.5
C0594,18.0,East,Mobile App,Electronics,4,663.47,0,Non-member,3.0
C0595,21.0,North,Mobile App,Sports,4,323.09,0,Member,2.6
C0596,30.0,North,Marketplace,Electronics,6,1048.9,0,Member,4.0
C0597,29.0,North,Mobile App,Electronics,5,1131.8,0,Non-member,5.0
C0598,42.0,West,Mobile App,Beauty,3,56.65,0,Member,4.0
C0599,36.0,East,Mobile App,Electronics,6,1364.19,0,Member,2.7
C0600,18.0,North,Mobile App,Sports,5,291.37,0,Member,4.0
C0009,34.0,South,Mobile App,Electronics,6,879.51,0,Member,4.2
C0045,35.0,South,Mobile App,Beauty,8,379.42,1,Member,3.2
C0103,30.0,North,Mobile App,Beauty,3,111.94,0,Member,3.2
C0221,32.0,West,Mobile App,Electronics,8,1759.55,0,Member,4.0
